[{"id":2,"slug":"vorota","name":"Ворота","sort_order":2,"is_active":true}, 
 {"id":3,"slug":"myagkie-okna","name":"Мягкие окна","sort_order":3,"is_active":true}, 
 {"id":5,"slug":"ofisnye-peregorodki","name":"Офисные перегородки","sort_order":5,"is_active":true}, 
 {"id":6,"slug":"prozrachnye-rolstavni","name":"Прозрачные рольставни","sort_order":1,"is_active":true}, 
 {"id":7,"slug":"zashchitnye-rolstavni","name":"Защитные рольставни","sort_order":2,"is_active":true}, 
 {"id":8,"slug":"rolletnye-shkafy","name":"Роллетные шкафы","sort_order":3,"is_active":true}, 
 {"id":10,"slug":"bezramnoe-osteklenie","name":"Безрамное остекление","sort_order":10,"is_active":true}]