[{"id":156,"company_id":1,"category_id":7,"is_primary":true}, 
 {"id":157,"company_id":2,"category_id":7,"is_primary":true}, 
 {"id":158,"company_id":4,"category_id":7,"is_primary":true}, 
 {"id":159,"company_id":5,"category_id":7,"is_primary":true}, 
 {"id":160,"company_id":6,"category_id":7,"is_primary":true}, 
 {"id":161,"company_id":7,"category_id":7,"is_primary":true}, 
 {"id":162,"company_id":8,"category_id":7,"is_primary":true}, 
 {"id":163,"company_id":9,"category_id":7,"is_primary":true}, 
 {"id":164,"company_id":10,"category_id":7,"is_primary":true}, 
 {"id":165,"company_id":11,"category_id":7,"is_primary":true}, 
 {"id":166,"company_id":12,"category_id":7,"is_primary":true}, 
 {"id":167,"company_id":14,"category_id":7,"is_primary":true}, 
 {"id":168,"company_id":15,"category_id":7,"is_primary":true}, 
 {"id":169,"company_id":16,"category_id":7,"is_primary":true}, 
 {"id":170,"company_id":18,"category_id":7,"is_primary":true}, 
 {"id":171,"company_id":19,"category_id":7,"is_primary":true}, 
 {"id":172,"company_id":20,"category_id":7,"is_primary":true}, 
 {"id":173,"company_id":21,"category_id":7,"is_primary":true}, 
 {"id":174,"company_id":22,"category_id":7,"is_primary":true}, 
 {"id":175,"company_id":23,"category_id":7,"is_primary":true}, 
 {"id":176,"company_id":24,"category_id":7,"is_primary":true}, 
 {"id":177,"company_id":25,"category_id":7,"is_primary":true}, 
 {"id":178,"company_id":26,"category_id":7,"is_primary":true}, 
 {"id":179,"company_id":29,"category_id":7,"is_primary":true}, 
 {"id":180,"company_id":30,"category_id":7,"is_primary":true}, 
 {"id":181,"company_id":31,"category_id":7,"is_primary":true}, 
 {"id":182,"company_id":32,"category_id":7,"is_primary":true}, 
 {"id":183,"company_id":33,"category_id":7,"is_primary":true}, 
 {"id":184,"company_id":34,"category_id":7,"is_primary":true}, 
 {"id":185,"company_id":35,"category_id":7,"is_primary":true}, 
 {"id":186,"company_id":36,"category_id":7,"is_primary":true}, 
 {"id":187,"company_id":37,"category_id":7,"is_primary":true}, 
 {"id":188,"company_id":38,"category_id":7,"is_primary":true}, 
 {"id":189,"company_id":39,"category_id":7,"is_primary":true}, 
 {"id":190,"company_id":40,"category_id":7,"is_primary":true}, 
 {"id":191,"company_id":41,"category_id":7,"is_primary":true}, 
 {"id":192,"company_id":42,"category_id":7,"is_primary":true}, 
 {"id":193,"company_id":43,"category_id":7,"is_primary":true}, 
 {"id":194,"company_id":44,"category_id":7,"is_primary":true}, 
 {"id":195,"company_id":45,"category_id":7,"is_primary":true}, 
 {"id":196,"company_id":46,"category_id":7,"is_primary":true}, 
 {"id":197,"company_id":47,"category_id":7,"is_primary":true}, 
 {"id":198,"company_id":48,"category_id":7,"is_primary":true}, 
 {"id":199,"company_id":49,"category_id":7,"is_primary":true}, 
 {"id":200,"company_id":50,"category_id":7,"is_primary":true}, 
 {"id":248,"company_id":12,"category_id":6,"is_primary":false}, 
 {"id":249,"company_id":13,"category_id":6,"is_primary":true}, 
 {"id":250,"company_id":16,"category_id":6,"is_primary":false}, 
 {"id":251,"company_id":17,"category_id":6,"is_primary":true}, 
 {"id":252,"company_id":64,"category_id":6,"is_primary":false}, 
 {"id":253,"company_id":71,"category_id":6,"is_primary":false}, 
 {"id":254,"company_id":76,"category_id":6,"is_primary":false}, 
 {"id":255,"company_id":84,"category_id":6,"is_primary":false}, 
 {"id":256,"company_id":89,"category_id":6,"is_primary":false}, 
 {"id":257,"company_id":90,"category_id":6,"is_primary":false}, 
 {"id":258,"company_id":91,"category_id":6,"is_primary":false}, 
 {"id":259,"company_id":92,"category_id":6,"is_primary":false}, 
 {"id":260,"company_id":94,"category_id":6,"is_primary":false}, 
 {"id":261,"company_id":95,"category_id":6,"is_primary":false}, 
 {"id":262,"company_id":98,"category_id":6,"is_primary":false}, 
 {"id":263,"company_id":99,"category_id":6,"is_primary":false}, 
 {"id":264,"company_id":100,"category_id":6,"is_primary":false}, 
 {"id":265,"company_id":102,"category_id":6,"is_primary":false}, 
 {"id":266,"company_id":103,"category_id":6,"is_primary":false}, 
 {"id":267,"company_id":105,"category_id":6,"is_primary":false}, 
 {"id":268,"company_id":109,"category_id":6,"is_primary":false}, 
 {"id":269,"company_id":110,"category_id":6,"is_primary":false}, 
 {"id":270,"company_id":111,"category_id":6,"is_primary":false}, 
 {"id":271,"company_id":112,"category_id":6,"is_primary":false}, 
 {"id":272,"company_id":113,"category_id":6,"is_primary":false}, 
 {"id":273,"company_id":114,"category_id":6,"is_primary":false}, 
 {"id":274,"company_id":115,"category_id":6,"is_primary":false}, 
 {"id":275,"company_id":116,"category_id":6,"is_primary":false}, 
 {"id":276,"company_id":117,"category_id":6,"is_primary":false}, 
 {"id":277,"company_id":118,"category_id":6,"is_primary":false}, 
 {"id":278,"company_id":119,"category_id":6,"is_primary":false}, 
 {"id":279,"company_id":120,"category_id":6,"is_primary":false}, 
 {"id":78,"company_id":1,"category_id":2,"is_primary":false}, 
 {"id":79,"company_id":2,"category_id":2,"is_primary":true}, 
 {"id":80,"company_id":3,"category_id":7,"is_primary":true}, 
 {"id":280,"company_id":121,"category_id":6,"is_primary":false}, 
 {"id":82,"company_id":5,"category_id":2,"is_primary":true}, 
 {"id":281,"company_id":122,"category_id":6,"is_primary":false}, 
 {"id":282,"company_id":123,"category_id":6,"is_primary":false}, 
 {"id":283,"company_id":124,"category_id":6,"is_primary":false}, 
 {"id":284,"company_id":125,"category_id":6,"is_primary":false}, 
 {"id":285,"company_id":126,"category_id":6,"is_primary":false}, 
 {"id":286,"company_id":127,"category_id":6,"is_primary":false}, 
 {"id":287,"company_id":128,"category_id":6,"is_primary":false}, 
 {"id":288,"company_id":129,"category_id":6,"is_primary":false}, 
 {"id":289,"company_id":130,"category_id":6,"is_primary":false}, 
 {"id":290,"company_id":96,"category_id":6,"is_primary":false}, 
 {"id":93,"company_id":15,"category_id":2,"is_primary":true}, 
 {"id":291,"company_id":131,"category_id":6,"is_primary":false}, 
 {"id":95,"company_id":17,"category_id":8,"is_primary":true}, 
 {"id":292,"company_id":132,"category_id":6,"is_primary":false}, 
 {"id":97,"company_id":18,"category_id":2,"is_primary":true}, 
 {"id":98,"company_id":19,"category_id":2,"is_primary":true}, 
 {"id":99,"company_id":20,"category_id":2,"is_primary":true}, 
 {"id":293,"company_id":133,"category_id":6,"is_primary":false}, 
 {"id":101,"company_id":22,"category_id":2,"is_primary":true}, 
 {"id":102,"company_id":23,"category_id":2,"is_primary":true}, 
 {"id":103,"company_id":24,"category_id":2,"is_primary":true}, 
 {"id":104,"company_id":25,"category_id":2,"is_primary":true}, 
 {"id":294,"company_id":134,"category_id":6,"is_primary":false}, 
 {"id":106,"company_id":29,"category_id":2,"is_primary":true}, 
 {"id":107,"company_id":30,"category_id":2,"is_primary":true}, 
 {"id":295,"company_id":135,"category_id":6,"is_primary":false}, 
 {"id":296,"company_id":136,"category_id":6,"is_primary":false}, 
 {"id":297,"company_id":137,"category_id":6,"is_primary":false}, 
 {"id":298,"company_id":138,"category_id":6,"is_primary":false}, 
 {"id":299,"company_id":14,"category_id":6,"is_primary":false}, 
 {"id":300,"company_id":139,"category_id":6,"is_primary":false}, 
 {"id":301,"company_id":93,"category_id":6,"is_primary":false}, 
 {"id":302,"company_id":2,"category_id":6,"is_primary":false}, 
 {"id":303,"company_id":15,"category_id":6,"is_primary":false}, 
 {"id":304,"company_id":140,"category_id":8,"is_primary":false}, 
 {"id":305,"company_id":141,"category_id":8,"is_primary":false}, 
 {"id":306,"company_id":142,"category_id":8,"is_primary":false}, 
 {"id":307,"company_id":143,"category_id":8,"is_primary":false}, 
 {"id":308,"company_id":144,"category_id":8,"is_primary":false}, 
 {"id":309,"company_id":145,"category_id":8,"is_primary":false}, 
 {"id":310,"company_id":146,"category_id":8,"is_primary":false}, 
 {"id":311,"company_id":1,"category_id":8,"is_primary":false}, 
 {"id":312,"company_id":147,"category_id":8,"is_primary":false}, 
 {"id":313,"company_id":148,"category_id":8,"is_primary":false}, 
 {"id":314,"company_id":149,"category_id":8,"is_primary":false}, 
 {"id":315,"company_id":4,"category_id":8,"is_primary":false}, 
 {"id":316,"company_id":150,"category_id":8,"is_primary":false}, 
 {"id":317,"company_id":82,"category_id":8,"is_primary":false}, 
 {"id":318,"company_id":151,"category_id":8,"is_primary":false}, 
 {"id":319,"company_id":12,"category_id":8,"is_primary":false}, 
 {"id":320,"company_id":152,"category_id":8,"is_primary":false}, 
 {"id":321,"company_id":153,"category_id":8,"is_primary":false}, 
 {"id":322,"company_id":154,"category_id":8,"is_primary":false}, 
 {"id":323,"company_id":155,"category_id":8,"is_primary":false}, 
 {"id":324,"company_id":83,"category_id":8,"is_primary":false}, 
 {"id":325,"company_id":156,"category_id":8,"is_primary":false}, 
 {"id":326,"company_id":157,"category_id":8,"is_primary":false}, 
 {"id":327,"company_id":158,"category_id":8,"is_primary":false}, 
 {"id":328,"company_id":159,"category_id":8,"is_primary":false}, 
 {"id":329,"company_id":86,"category_id":8,"is_primary":false}, 
 {"id":330,"company_id":64,"category_id":8,"is_primary":false}, 
 {"id":331,"company_id":78,"category_id":8,"is_primary":false}, 
 {"id":332,"company_id":160,"category_id":8,"is_primary":false}, 
 {"id":333,"company_id":161,"category_id":8,"is_primary":false}, 
 {"id":334,"company_id":162,"category_id":8,"is_primary":false}, 
 {"id":335,"company_id":163,"category_id":8,"is_primary":false}, 
 {"id":336,"company_id":164,"category_id":8,"is_primary":false}, 
 {"id":337,"company_id":165,"category_id":8,"is_primary":false}, 
 {"id":338,"company_id":166,"category_id":8,"is_primary":false}, 
 {"id":339,"company_id":167,"category_id":8,"is_primary":false}, 
 {"id":340,"company_id":84,"category_id":8,"is_primary":false}, 
 {"id":341,"company_id":94,"category_id":7,"is_primary":false}, 
 {"id":342,"company_id":89,"category_id":7,"is_primary":false}, 
 {"id":343,"company_id":168,"category_id":7,"is_primary":false}, 
 {"id":344,"company_id":112,"category_id":7,"is_primary":false}, 
 {"id":345,"company_id":141,"category_id":7,"is_primary":false}, 
 {"id":346,"company_id":169,"category_id":7,"is_primary":false}, 
 {"id":347,"company_id":116,"category_id":7,"is_primary":false}, 
 {"id":348,"company_id":117,"category_id":7,"is_primary":false}, 
 {"id":349,"company_id":71,"category_id":7,"is_primary":false}, 
 {"id":239,"company_id":1,"category_id":6,"is_primary":false}, 
 {"id":240,"company_id":3,"category_id":6,"is_primary":false}, 
 {"id":241,"company_id":4,"category_id":6,"is_primary":false}, 
 {"id":242,"company_id":5,"category_id":6,"is_primary":false}, 
 {"id":243,"company_id":6,"category_id":6,"is_primary":false}, 
 {"id":244,"company_id":7,"category_id":6,"is_primary":false}, 
 {"id":245,"company_id":9,"category_id":6,"is_primary":false}, 
 {"id":246,"company_id":10,"category_id":6,"is_primary":false}, 
 {"id":247,"company_id":11,"category_id":6,"is_primary":false}, 
 {"id":350,"company_id":73,"category_id":7,"is_primary":false}, 
 {"id":351,"company_id":70,"category_id":7,"is_primary":false}, 
 {"id":352,"company_id":119,"category_id":7,"is_primary":false}, 
 {"id":353,"company_id":120,"category_id":7,"is_primary":false}, 
 {"id":354,"company_id":170,"category_id":7,"is_primary":false}, 
 {"id":355,"company_id":121,"category_id":7,"is_primary":false}, 
 {"id":356,"company_id":122,"category_id":7,"is_primary":false}, 
 {"id":357,"company_id":124,"category_id":7,"is_primary":false}, 
 {"id":358,"company_id":171,"category_id":7,"is_primary":false}, 
 {"id":359,"company_id":172,"category_id":7,"is_primary":false}, 
 {"id":360,"company_id":173,"category_id":7,"is_primary":false}, 
 {"id":361,"company_id":174,"category_id":7,"is_primary":false}, 
 {"id":362,"company_id":125,"category_id":7,"is_primary":false}, 
 {"id":363,"company_id":126,"category_id":7,"is_primary":false}, 
 {"id":364,"company_id":128,"category_id":7,"is_primary":false}, 
 {"id":365,"company_id":129,"category_id":7,"is_primary":false}, 
 {"id":366,"company_id":175,"category_id":7,"is_primary":false}, 
 {"id":367,"company_id":176,"category_id":7,"is_primary":false}, 
 {"id":368,"company_id":131,"category_id":7,"is_primary":false}, 
 {"id":369,"company_id":177,"category_id":7,"is_primary":false}, 
 {"id":370,"company_id":178,"category_id":7,"is_primary":false}, 
 {"id":371,"company_id":132,"category_id":7,"is_primary":false}, 
 {"id":372,"company_id":179,"category_id":7,"is_primary":false}, 
 {"id":373,"company_id":133,"category_id":7,"is_primary":false}, 
 {"id":374,"company_id":180,"category_id":7,"is_primary":false}, 
 {"id":375,"company_id":181,"category_id":7,"is_primary":false}, 
 {"id":376,"company_id":182,"category_id":7,"is_primary":false}, 
 {"id":377,"company_id":75,"category_id":7,"is_primary":false}, 
 {"id":378,"company_id":183,"category_id":7,"is_primary":false}, 
 {"id":379,"company_id":154,"category_id":7,"is_primary":false}, 
 {"id":380,"company_id":184,"category_id":7,"is_primary":false}, 
 {"id":381,"company_id":185,"category_id":7,"is_primary":false}, 
 {"id":382,"company_id":76,"category_id":7,"is_primary":false}, 
 {"id":383,"company_id":134,"category_id":7,"is_primary":false}, 
 {"id":384,"company_id":186,"category_id":7,"is_primary":false}, 
 {"id":385,"company_id":187,"category_id":7,"is_primary":false}, 
 {"id":386,"company_id":188,"category_id":7,"is_primary":false}, 
 {"id":387,"company_id":189,"category_id":7,"is_primary":false}, 
 {"id":388,"company_id":64,"category_id":7,"is_primary":false}, 
 {"id":389,"company_id":190,"category_id":7,"is_primary":false}, 
 {"id":390,"company_id":191,"category_id":3,"is_primary":false}, 
 {"id":391,"company_id":192,"category_id":3,"is_primary":false}, 
 {"id":392,"company_id":34,"category_id":3,"is_primary":false}, 
 {"id":393,"company_id":193,"category_id":3,"is_primary":false}, 
 {"id":394,"company_id":194,"category_id":3,"is_primary":false}, 
 {"id":395,"company_id":195,"category_id":3,"is_primary":false}, 
 {"id":396,"company_id":196,"category_id":3,"is_primary":false}, 
 {"id":397,"company_id":197,"category_id":3,"is_primary":false}, 
 {"id":398,"company_id":45,"category_id":3,"is_primary":false}, 
 {"id":399,"company_id":39,"category_id":3,"is_primary":false}, 
 {"id":400,"company_id":198,"category_id":3,"is_primary":false}, 
 {"id":401,"company_id":110,"category_id":3,"is_primary":false}, 
 {"id":402,"company_id":199,"category_id":3,"is_primary":false}, 
 {"id":403,"company_id":200,"category_id":3,"is_primary":false}, 
 {"id":404,"company_id":36,"category_id":3,"is_primary":false}, 
 {"id":405,"company_id":35,"category_id":3,"is_primary":false}, 
 {"id":406,"company_id":201,"category_id":3,"is_primary":false}, 
 {"id":407,"company_id":202,"category_id":3,"is_primary":false}, 
 {"id":408,"company_id":33,"category_id":3,"is_primary":false}, 
 {"id":409,"company_id":203,"category_id":3,"is_primary":false}, 
 {"id":410,"company_id":204,"category_id":3,"is_primary":false}, 
 {"id":411,"company_id":205,"category_id":3,"is_primary":false}, 
 {"id":412,"company_id":206,"category_id":3,"is_primary":false}, 
 {"id":413,"company_id":207,"category_id":3,"is_primary":false}, 
 {"id":414,"company_id":208,"category_id":3,"is_primary":false}, 
 {"id":415,"company_id":209,"category_id":3,"is_primary":false}, 
 {"id":416,"company_id":38,"category_id":3,"is_primary":false}, 
 {"id":417,"company_id":40,"category_id":3,"is_primary":false}, 
 {"id":418,"company_id":210,"category_id":3,"is_primary":false}, 
 {"id":419,"company_id":43,"category_id":3,"is_primary":false}, 
 {"id":420,"company_id":211,"category_id":3,"is_primary":false}, 
 {"id":421,"company_id":212,"category_id":3,"is_primary":false}, 
 {"id":422,"company_id":213,"category_id":3,"is_primary":false}, 
 {"id":423,"company_id":214,"category_id":3,"is_primary":false}, 
 {"id":424,"company_id":215,"category_id":3,"is_primary":false}, 
 {"id":425,"company_id":216,"category_id":3,"is_primary":false}, 
 {"id":426,"company_id":217,"category_id":3,"is_primary":false}, 
 {"id":427,"company_id":218,"category_id":3,"is_primary":false}, 
 {"id":428,"company_id":219,"category_id":3,"is_primary":false}, 
 {"id":429,"company_id":220,"category_id":3,"is_primary":false}, 
 {"id":430,"company_id":44,"category_id":3,"is_primary":false}, 
 {"id":431,"company_id":221,"category_id":3,"is_primary":false}, 
 {"id":432,"company_id":222,"category_id":3,"is_primary":false}, 
 {"id":433,"company_id":223,"category_id":3,"is_primary":false}, 
 {"id":434,"company_id":224,"category_id":3,"is_primary":false}, 
 {"id":435,"company_id":225,"category_id":3,"is_primary":false}, 
 {"id":436,"company_id":226,"category_id":2,"is_primary":false}, 
 {"id":437,"company_id":227,"category_id":2,"is_primary":false}, 
 {"id":438,"company_id":94,"category_id":2,"is_primary":false}, 
 {"id":439,"company_id":228,"category_id":2,"is_primary":false}, 
 {"id":440,"company_id":3,"category_id":2,"is_primary":false}, 
 {"id":441,"company_id":229,"category_id":2,"is_primary":false}, 
 {"id":442,"company_id":230,"category_id":2,"is_primary":false}, 
 {"id":443,"company_id":231,"category_id":2,"is_primary":false}, 
 {"id":444,"company_id":140,"category_id":2,"is_primary":false}, 
 {"id":445,"company_id":89,"category_id":2,"is_primary":false}, 
 {"id":446,"company_id":232,"category_id":2,"is_primary":false}, 
 {"id":447,"company_id":233,"category_id":2,"is_primary":false}, 
 {"id":448,"company_id":234,"category_id":2,"is_primary":false}, 
 {"id":449,"company_id":235,"category_id":2,"is_primary":false}, 
 {"id":450,"company_id":236,"category_id":2,"is_primary":false}, 
 {"id":451,"company_id":237,"category_id":2,"is_primary":false}, 
 {"id":452,"company_id":238,"category_id":2,"is_primary":false}, 
 {"id":453,"company_id":239,"category_id":2,"is_primary":false}, 
 {"id":454,"company_id":240,"category_id":2,"is_primary":false}, 
 {"id":455,"company_id":241,"category_id":2,"is_primary":false}, 
 {"id":456,"company_id":242,"category_id":2,"is_primary":false}, 
 {"id":457,"company_id":243,"category_id":2,"is_primary":false}, 
 {"id":458,"company_id":244,"category_id":2,"is_primary":false}, 
 {"id":459,"company_id":245,"category_id":2,"is_primary":false}, 
 {"id":460,"company_id":246,"category_id":2,"is_primary":false}, 
 {"id":461,"company_id":247,"category_id":2,"is_primary":false}, 
 {"id":462,"company_id":143,"category_id":2,"is_primary":false}, 
 {"id":463,"company_id":248,"category_id":2,"is_primary":false}, 
 {"id":464,"company_id":249,"category_id":2,"is_primary":false}, 
 {"id":465,"company_id":250,"category_id":2,"is_primary":false}, 
 {"id":466,"company_id":251,"category_id":2,"is_primary":false}, 
 {"id":467,"company_id":252,"category_id":2,"is_primary":false}, 
 {"id":468,"company_id":253,"category_id":2,"is_primary":false}, 
 {"id":469,"company_id":254,"category_id":2,"is_primary":false}, 
 {"id":470,"company_id":255,"category_id":2,"is_primary":false}, 
 {"id":471,"company_id":256,"category_id":2,"is_primary":false}, 
 {"id":472,"company_id":257,"category_id":2,"is_primary":false}, 
 {"id":473,"company_id":70,"category_id":2,"is_primary":false}, 
 {"id":474,"company_id":258,"category_id":2,"is_primary":false}, 
 {"id":475,"company_id":31,"category_id":2,"is_primary":false}, 
 {"id":476,"company_id":21,"category_id":2,"is_primary":false}, 
 {"id":477,"company_id":259,"category_id":2,"is_primary":false}, 
 {"id":478,"company_id":260,"category_id":2,"is_primary":false}, 
 {"id":479,"company_id":261,"category_id":2,"is_primary":false}, 
 {"id":480,"company_id":262,"category_id":2,"is_primary":false}, 
 {"id":481,"company_id":120,"category_id":2,"is_primary":false}, 
 {"id":482,"company_id":263,"category_id":2,"is_primary":false}, 
 {"id":483,"company_id":264,"category_id":2,"is_primary":false}, 
 {"id":484,"company_id":265,"category_id":2,"is_primary":false}, 
 {"id":485,"company_id":266,"category_id":2,"is_primary":false}, 
 {"id":486,"company_id":267,"category_id":2,"is_primary":false}, 
 {"id":487,"company_id":110,"category_id":2,"is_primary":false}, 
 {"id":488,"company_id":268,"category_id":2,"is_primary":false}, 
 {"id":489,"company_id":269,"category_id":2,"is_primary":false}, 
 {"id":490,"company_id":270,"category_id":2,"is_primary":false}, 
 {"id":491,"company_id":271,"category_id":2,"is_primary":false}, 
 {"id":492,"company_id":272,"category_id":2,"is_primary":false}, 
 {"id":493,"company_id":273,"category_id":2,"is_primary":false}, 
 {"id":494,"company_id":274,"category_id":2,"is_primary":false}, 
 {"id":495,"company_id":275,"category_id":2,"is_primary":false}, 
 {"id":496,"company_id":276,"category_id":2,"is_primary":false}, 
 {"id":497,"company_id":277,"category_id":2,"is_primary":false}, 
 {"id":498,"company_id":278,"category_id":2,"is_primary":false}, 
 {"id":499,"company_id":279,"category_id":2,"is_primary":false}, 
 {"id":500,"company_id":4,"category_id":2,"is_primary":false}, 
 {"id":501,"company_id":280,"category_id":2,"is_primary":false}, 
 {"id":502,"company_id":281,"category_id":2,"is_primary":false}, 
 {"id":503,"company_id":282,"category_id":2,"is_primary":false}, 
 {"id":504,"company_id":283,"category_id":2,"is_primary":false}, 
 {"id":505,"company_id":284,"category_id":2,"is_primary":false}, 
 {"id":506,"company_id":285,"category_id":2,"is_primary":false}, 
 {"id":507,"company_id":286,"category_id":2,"is_primary":false}, 
 {"id":508,"company_id":287,"category_id":2,"is_primary":false}, 
 {"id":509,"company_id":128,"category_id":2,"is_primary":false}, 
 {"id":510,"company_id":288,"category_id":2,"is_primary":false}, 
 {"id":511,"company_id":26,"category_id":2,"is_primary":false}, 
 {"id":512,"company_id":289,"category_id":2,"is_primary":false}, 
 {"id":513,"company_id":290,"category_id":2,"is_primary":false}, 
 {"id":514,"company_id":291,"category_id":2,"is_primary":false}, 
 {"id":515,"company_id":292,"category_id":2,"is_primary":false}, 
 {"id":516,"company_id":293,"category_id":2,"is_primary":false}, 
 {"id":517,"company_id":177,"category_id":2,"is_primary":false}, 
 {"id":518,"company_id":132,"category_id":2,"is_primary":false}, 
 {"id":519,"company_id":294,"category_id":2,"is_primary":false}, 
 {"id":520,"company_id":295,"category_id":2,"is_primary":false}, 
 {"id":521,"company_id":296,"category_id":2,"is_primary":false}, 
 {"id":522,"company_id":297,"category_id":2,"is_primary":false}, 
 {"id":523,"company_id":298,"category_id":2,"is_primary":false}, 
 {"id":524,"company_id":299,"category_id":2,"is_primary":false}, 
 {"id":525,"company_id":300,"category_id":2,"is_primary":false}, 
 {"id":526,"company_id":301,"category_id":2,"is_primary":false}, 
 {"id":527,"company_id":302,"category_id":2,"is_primary":false}, 
 {"id":528,"company_id":303,"category_id":2,"is_primary":false}, 
 {"id":529,"company_id":304,"category_id":2,"is_primary":false}, 
 {"id":530,"company_id":305,"category_id":2,"is_primary":false}, 
 {"id":531,"company_id":12,"category_id":2,"is_primary":false}, 
 {"id":532,"company_id":306,"category_id":2,"is_primary":false}, 
 {"id":533,"company_id":307,"category_id":2,"is_primary":false}, 
 {"id":534,"company_id":308,"category_id":2,"is_primary":false}, 
 {"id":535,"company_id":309,"category_id":2,"is_primary":false}, 
 {"id":536,"company_id":310,"category_id":2,"is_primary":false}, 
 {"id":537,"company_id":311,"category_id":2,"is_primary":false}, 
 {"id":538,"company_id":186,"category_id":2,"is_primary":false}, 
 {"id":539,"company_id":312,"category_id":2,"is_primary":false}, 
 {"id":540,"company_id":313,"category_id":2,"is_primary":false}, 
 {"id":541,"company_id":314,"category_id":2,"is_primary":false}, 
 {"id":542,"company_id":315,"category_id":2,"is_primary":false}, 
 {"id":543,"company_id":316,"category_id":2,"is_primary":false}, 
 {"id":544,"company_id":317,"category_id":2,"is_primary":false}, 
 {"id":545,"company_id":318,"category_id":2,"is_primary":false}, 
 {"id":546,"company_id":319,"category_id":2,"is_primary":false}, 
 {"id":547,"company_id":320,"category_id":2,"is_primary":false}, 
 {"id":548,"company_id":321,"category_id":2,"is_primary":false}, 
 {"id":549,"company_id":322,"category_id":2,"is_primary":false}, 
 {"id":550,"company_id":323,"category_id":2,"is_primary":false}, 
 {"id":551,"company_id":324,"category_id":2,"is_primary":false}, 
 {"id":552,"company_id":325,"category_id":2,"is_primary":false}, 
 {"id":553,"company_id":326,"category_id":2,"is_primary":false}, 
 {"id":554,"company_id":327,"category_id":2,"is_primary":false}, 
 {"id":555,"company_id":328,"category_id":2,"is_primary":false}, 
 {"id":556,"company_id":329,"category_id":2,"is_primary":false}, 
 {"id":557,"company_id":330,"category_id":2,"is_primary":false}, 
 {"id":558,"company_id":331,"category_id":2,"is_primary":false}, 
 {"id":559,"company_id":332,"category_id":2,"is_primary":false}, 
 {"id":560,"company_id":139,"category_id":2,"is_primary":false}, 
 {"id":561,"company_id":333,"category_id":2,"is_primary":false}, 
 {"id":562,"company_id":334,"category_id":2,"is_primary":false}, 
 {"id":563,"company_id":93,"category_id":2,"is_primary":false}, 
 {"id":564,"company_id":335,"category_id":2,"is_primary":false}, 
 {"id":565,"company_id":336,"category_id":2,"is_primary":false}, 
 {"id":566,"company_id":337,"category_id":2,"is_primary":false}, 
 {"id":567,"company_id":338,"category_id":2,"is_primary":false}, 
 {"id":568,"company_id":339,"category_id":2,"is_primary":false}, 
 {"id":569,"company_id":340,"category_id":2,"is_primary":false}, 
 {"id":570,"company_id":341,"category_id":2,"is_primary":false}, 
 {"id":571,"company_id":342,"category_id":2,"is_primary":false}, 
 {"id":572,"company_id":343,"category_id":2,"is_primary":false}, 
 {"id":573,"company_id":344,"category_id":2,"is_primary":false}, 
 {"id":574,"company_id":345,"category_id":2,"is_primary":false}, 
 {"id":575,"company_id":346,"category_id":2,"is_primary":false}, 
 {"id":576,"company_id":347,"category_id":2,"is_primary":false}, 
 {"id":577,"company_id":348,"category_id":2,"is_primary":false}, 
 {"id":578,"company_id":349,"category_id":2,"is_primary":false}, 
 {"id":579,"company_id":350,"category_id":2,"is_primary":false}, 
 {"id":580,"company_id":351,"category_id":2,"is_primary":false}, 
 {"id":581,"company_id":352,"category_id":2,"is_primary":false}, 
 {"id":582,"company_id":353,"category_id":2,"is_primary":false}, 
 {"id":583,"company_id":354,"category_id":2,"is_primary":false}, 
 {"id":584,"company_id":355,"category_id":2,"is_primary":false}, 
 {"id":585,"company_id":356,"category_id":2,"is_primary":false}, 
 {"id":586,"company_id":357,"category_id":2,"is_primary":false}, 
 {"id":587,"company_id":358,"category_id":2,"is_primary":false}, 
 {"id":588,"company_id":359,"category_id":2,"is_primary":false}, 
 {"id":589,"company_id":360,"category_id":2,"is_primary":false}, 
 {"id":590,"company_id":361,"category_id":2,"is_primary":false}, 
 {"id":591,"company_id":362,"category_id":2,"is_primary":false}, 
 {"id":592,"company_id":363,"category_id":2,"is_primary":false}, 
 {"id":593,"company_id":364,"category_id":2,"is_primary":false}, 
 {"id":594,"company_id":365,"category_id":2,"is_primary":false}, 
 {"id":595,"company_id":366,"category_id":2,"is_primary":false}, 
 {"id":596,"company_id":367,"category_id":2,"is_primary":false}, 
 {"id":597,"company_id":368,"category_id":2,"is_primary":false}, 
 {"id":598,"company_id":369,"category_id":2,"is_primary":false}, 
 {"id":631,"company_id":370,"category_id":10,"is_primary":false}, 
 {"id":632,"company_id":371,"category_id":10,"is_primary":false}, 
 {"id":633,"company_id":372,"category_id":10,"is_primary":false}, 
 {"id":634,"company_id":373,"category_id":10,"is_primary":false}, 
 {"id":635,"company_id":374,"category_id":10,"is_primary":false}, 
 {"id":636,"company_id":375,"category_id":10,"is_primary":false}, 
 {"id":637,"company_id":376,"category_id":10,"is_primary":false}, 
 {"id":638,"company_id":377,"category_id":10,"is_primary":false}, 
 {"id":639,"company_id":378,"category_id":10,"is_primary":false}, 
 {"id":640,"company_id":379,"category_id":10,"is_primary":false}, 
 {"id":641,"company_id":380,"category_id":10,"is_primary":false}, 
 {"id":642,"company_id":381,"category_id":10,"is_primary":false}, 
 {"id":643,"company_id":382,"category_id":10,"is_primary":false}, 
 {"id":644,"company_id":383,"category_id":10,"is_primary":false}, 
 {"id":645,"company_id":384,"category_id":10,"is_primary":false}, 
 {"id":646,"company_id":385,"category_id":10,"is_primary":false}, 
 {"id":647,"company_id":386,"category_id":10,"is_primary":false}, 
 {"id":648,"company_id":387,"category_id":10,"is_primary":false}, 
 {"id":649,"company_id":388,"category_id":10,"is_primary":false}, 
 {"id":650,"company_id":389,"category_id":10,"is_primary":false}, 
 {"id":651,"company_id":390,"category_id":10,"is_primary":false}, 
 {"id":652,"company_id":391,"category_id":10,"is_primary":false}, 
 {"id":653,"company_id":392,"category_id":10,"is_primary":false}, 
 {"id":654,"company_id":393,"category_id":10,"is_primary":false}, 
 {"id":655,"company_id":394,"category_id":10,"is_primary":false}, 
 {"id":656,"company_id":395,"category_id":10,"is_primary":false}, 
 {"id":657,"company_id":396,"category_id":10,"is_primary":false}, 
 {"id":658,"company_id":397,"category_id":10,"is_primary":false}, 
 {"id":659,"company_id":398,"category_id":10,"is_primary":false}, 
 {"id":660,"company_id":399,"category_id":10,"is_primary":false}, 
 {"id":661,"company_id":400,"category_id":10,"is_primary":false}, 
 {"id":662,"company_id":401,"category_id":10,"is_primary":false}, 
 {"id":663,"company_id":402,"category_id":10,"is_primary":false}, 
 {"id":664,"company_id":403,"category_id":10,"is_primary":false}, 
 {"id":665,"company_id":404,"category_id":10,"is_primary":false}, 
 {"id":666,"company_id":405,"category_id":10,"is_primary":false}, 
 {"id":667,"company_id":406,"category_id":10,"is_primary":false}, 
 {"id":668,"company_id":407,"category_id":10,"is_primary":false}, 
 {"id":669,"company_id":408,"category_id":10,"is_primary":false}, 
 {"id":670,"company_id":409,"category_id":10,"is_primary":false}, 
 {"id":671,"company_id":410,"category_id":10,"is_primary":false}, 
 {"id":672,"company_id":411,"category_id":10,"is_primary":false}, 
 {"id":673,"company_id":412,"category_id":10,"is_primary":false}, 
 {"id":674,"company_id":413,"category_id":10,"is_primary":false}, 
 {"id":675,"company_id":414,"category_id":10,"is_primary":false}, 
 {"id":676,"company_id":415,"category_id":10,"is_primary":false}, 
 {"id":677,"company_id":416,"category_id":10,"is_primary":false}, 
 {"id":678,"company_id":417,"category_id":10,"is_primary":false}, 
 {"id":679,"company_id":418,"category_id":10,"is_primary":false}, 
 {"id":680,"company_id":419,"category_id":10,"is_primary":false}, 
 {"id":681,"company_id":420,"category_id":10,"is_primary":false}, 
 {"id":682,"company_id":421,"category_id":10,"is_primary":false}, 
 {"id":683,"company_id":422,"category_id":10,"is_primary":false}, 
 {"id":684,"company_id":423,"category_id":10,"is_primary":false}, 
 {"id":685,"company_id":424,"category_id":10,"is_primary":false}, 
 {"id":686,"company_id":425,"category_id":10,"is_primary":false}, 
 {"id":687,"company_id":426,"category_id":10,"is_primary":false}, 
 {"id":688,"company_id":427,"category_id":10,"is_primary":false}, 
 {"id":689,"company_id":428,"category_id":10,"is_primary":false}, 
 {"id":690,"company_id":429,"category_id":10,"is_primary":false}, 
 {"id":691,"company_id":430,"category_id":10,"is_primary":false}, 
 {"id":692,"company_id":431,"category_id":10,"is_primary":false}, 
 {"id":693,"company_id":432,"category_id":10,"is_primary":false}, 
 {"id":694,"company_id":433,"category_id":10,"is_primary":false}, 
 {"id":695,"company_id":434,"category_id":10,"is_primary":false}, 
 {"id":696,"company_id":435,"category_id":10,"is_primary":false}, 
 {"id":697,"company_id":436,"category_id":10,"is_primary":false}, 
 {"id":698,"company_id":437,"category_id":10,"is_primary":false}, 
 {"id":699,"company_id":438,"category_id":10,"is_primary":false}, 
 {"id":700,"company_id":439,"category_id":10,"is_primary":false}, 
 {"id":701,"company_id":440,"category_id":10,"is_primary":false}, 
 {"id":702,"company_id":441,"category_id":10,"is_primary":false}, 
 {"id":703,"company_id":442,"category_id":10,"is_primary":false}]